{"cameraMode":{"drawMode":0,"name":"Shaded","section":"Shading Mode"},"sceneLighting":true,"audioPlay":false,"sceneViewState":{"m_AlwaysRefresh":false,"showFog":true,"showSkybox":true,"showFlares":true,"showImageEffects":true,"showParticleSystems":true,"showVisualEffectGraphs":true,"m_FxEnabled":false},"in2DMode":false,"pivot":{"x":6.182527542114258,"y":5.875448703765869,"z":11.53923511505127},"rotation":{"x":0.022193843498826028,"y":-0.014396009966731072,"z":0.0003196556062903255,"w":0.999650776386261},"size":0.8270542621612549,"orthographic":false}